internalTaxonId,orderName,familyName,genusName,speciesName,scientificName,redlistCategory,yearPublished,populationTrend,CITES,CoP19_new,CITES_CoP19_both
161597,LAMNIFORMES,ALOPIIDAE,Alopias,pelagicus,Alopias pelagicus,Endangered,2019,Decreasing,x,,x
161696,LAMNIFORMES,ALOPIIDAE,Alopias,superciliosus,Alopias superciliosus,Vulnerable,2019,Decreasing,x,,x
39339,LAMNIFORMES,ALOPIIDAE,Alopias,vulpinus,Alopias vulpinus,Vulnerable,2022,Decreasing,x,,x
39335,ORECTOLOBIFORMES,BRACHAELURIDAE,Brachaelurus,colcloughi,Brachaelurus colcloughi,Vulnerable,2015,Decreasing,,,
41732,ORECTOLOBIFORMES,BRACHAELURIDAE,Brachaelurus,waddi,Brachaelurus waddi,Least Concern,2015,Unknown,,,
63107,CHIMAERIFORMES,CALLORHINCHIDAE,Callorhinchus,callorynchus,Callorhinchus callorynchus,Vulnerable,2020,Decreasing,,,
60138,CHIMAERIFORMES,CALLORHINCHIDAE,Callorhinchus,capensis,Callorhinchus capensis,Least Concern,2020,Stable,,,
41743,CHIMAERIFORMES,CALLORHINCHIDAE,Callorhinchus,milii,Callorhinchus milii,Least Concern,2015,Stable,,,
161378,CARCHARHINIFORMES,CARCHARHINIDAE,Carcharhinus,acronotus,Carcharhinus acronotus,Endangered,2021,Decreasing,,x,x
161526,CARCHARHINIFORMES,CARCHARHINIDAE,Carcharhinus,albimarginatus,Carcharhinus albimarginatus,Vulnerable,2021,Decreasing,,x,x
161564,CARCHARHINIFORMES,CARCHARHINIDAE,Carcharhinus,altimus,Carcharhinus altimus,Near Threatened,2020,Decreasing,,x,x
40797,CARCHARHINIFORMES,CARCHARHINIDAE,Carcharhinus,amblyrhynchoides,Carcharhinus amblyrhynchoides,Vulnerable,2021,Decreasing,,x,x
39365,CARCHARHINIFORMES,CARCHARHINIDAE,Carcharhinus,amblyrhynchos,Carcharhinus amblyrhynchos,Endangered,2020,Decreasing,,x,x
39366,CARCHARHINIFORMES,CARCHARHINIDAE,Carcharhinus,amboinensis,Carcharhinus amboinensis,Vulnerable,2021,Decreasing,,x,x
39367,CARCHARHINIFORMES,CARCHARHINIDAE,Carcharhinus,borneensis,Carcharhinus borneensis,Critically Endangered,2021,Decreasing,,x,x
41741,CARCHARHINIFORMES,CARCHARHINIDAE,Carcharhinus,brachyurus,Carcharhinus brachyurus,Vulnerable,2020,Decreasing,,x,x
39368,CARCHARHINIFORMES,CARCHARHINIDAE,Carcharhinus,brevipinna,Carcharhinus brevipinna,Vulnerable,2020,Decreasing,,x,x
41733,CARCHARHINIFORMES,CARCHARHINIDAE,Carcharhinus,cautus,Carcharhinus cautus,Least Concern,2020,Stable,,x,x
144137478,CARCHARHINIFORMES,CARCHARHINIDAE,Carcharhinus,cerdale,Carcharhinus cerdale,Critically Endangered,2020,Decreasing,,x,x
70679787,CARCHARHINIFORMES,CARCHARHINIDAE,Carcharhinus,coatesi,Carcharhinus coatesi,Least Concern,2019,Unknown,,x,x
70680197,CARCHARHINIFORMES,CARCHARHINIDAE,Carcharhinus,dussumieri,Carcharhinus dussumieri,Endangered,2019,Decreasing,,x,x
39370,CARCHARHINIFORMES,CARCHARHINIDAE,Carcharhinus,falciformis,Carcharhinus falciformis,Vulnerable,2021,Decreasing,x,,x
41735,CARCHARHINIFORMES,CARCHARHINIDAE,Carcharhinus,fitzroyensis,Carcharhinus fitzroyensis,Least Concern,2019,Unknown,,x,x
41736,CARCHARHINIFORMES,CARCHARHINIDAE,Carcharhinus,galapagensis,Carcharhinus galapagensis,Least Concern,2019,Unknown,,x,x
39369,CARCHARHINIFORMES,CARCHARHINIDAE,Carcharhinus,hemiodon,Carcharhinus hemiodon,Critically Endangered,2021,Unknown,,x,x
110834677,CARCHARHINIFORMES,CARCHARHINIDAE,Carcharhinus,humani,Carcharhinus humani,Data Deficient,2019,Unknown,,x,x
161524,CARCHARHINIFORMES,CARCHARHINIDAE,Carcharhinus,isodon,Carcharhinus isodon,Near Threatened,2021,Stable,,x,x
39371,CARCHARHINIFORMES,CARCHARHINIDAE,Carcharhinus,leiodon,Carcharhinus leiodon,Endangered,2017,Decreasing,,x,x
39372,CARCHARHINIFORMES,CARCHARHINIDAE,Carcharhinus,leucas,Carcharhinus leucas,Vulnerable,2021,Decreasing,,x,x
3851,CARCHARHINIFORMES,CARCHARHINIDAE,Carcharhinus,limbatus,Carcharhinus limbatus,Vulnerable,2021,Decreasing,,x,x
39374,CARCHARHINIFORMES,CARCHARHINIDAE,Carcharhinus,longimanus,Carcharhinus longimanus,Critically Endangered,2019,Decreasing,x,,x
41737,CARCHARHINIFORMES,CARCHARHINIDAE,Carcharhinus,macloti,Carcharhinus macloti,Near Threatened,2021,Decreasing,,x,x
39375,CARCHARHINIFORMES,CARCHARHINIDAE,Carcharhinus,melanopterus,Carcharhinus melanopterus,Vulnerable,2020,Decreasing,,x,x
3852,CARCHARHINIFORMES,CARCHARHINIDAE,Carcharhinus,obscurus,Carcharhinus obscurus,Endangered,2019,Decreasing,,x,x
115696622,CARCHARHINIFORMES,CARCHARHINIDAE,Carcharhinus,obsoletus,Carcharhinus obsoletus,Critically Endangered,2020,Unknown,,x,x
60217,CARCHARHINIFORMES,CARCHARHINIDAE,Carcharhinus,perezi,Carcharhinus perezi,Endangered,2021,Decreasing,,x,x
3853,CARCHARHINIFORMES,CARCHARHINIDAE,Carcharhinus,plumbeus,Carcharhinus plumbeus,Endangered,2021,Decreasing,,x,x
144136822,CARCHARHINIFORMES,CARCHARHINIDAE,Carcharhinus,porosus,Carcharhinus porosus,Critically Endangered,2020,Decreasing,,x,x
41738,CARCHARHINIFORMES,CARCHARHINIDAE,Carcharhinus,sealei,Carcharhinus sealei,Vulnerable,2021,Decreasing,,x,x
60219,CARCHARHINIFORMES,CARCHARHINIDAE,Carcharhinus,signatus,Carcharhinus signatus,Endangered,2021,,,x,x
161376,CARCHARHINIFORMES,CARCHARHINIDAE,Carcharhinus,sorrah,Carcharhinus sorrah,Near Threatened,2021,Decreasing,,x,x
41739,CARCHARHINIFORMES,CARCHARHINIDAE,Carcharhinus,tilstoni,Carcharhinus tilstoni,Least Concern,2019,Stable,,x,x
70680908,CARCHARHINIFORMES,CARCHARHINIDAE,Carcharhinus,tjutjot,Carcharhinus tjutjot,Vulnerable,2019,Decreasing,,x,x
39378,CARCHARHINIFORMES,CARCHARHINIDAE,Galeocerdo,cuvier,Galeocerdo cuvier,Near Threatened,2019,Decreasing,,x,x
169473392,CARCHARHINIFORMES,CARCHARHINIDAE,Glyphis,gangeticus,Glyphis gangeticus,Critically Endangered,2021,Decreasing,,x,x
42712,CARCHARHINIFORMES,CARCHARHINIDAE,Glyphis,garricki,Glyphis garricki,Vulnerable,2021,Decreasing,,x,x
39379,CARCHARHINIFORMES,CARCHARHINIDAE,Glyphis,glyphis,Glyphis glyphis,Vulnerable,2021,Decreasing,,x,x
60218,CARCHARHINIFORMES,CARCHARHINIDAE,Isogomphodon,oxyrhynchus,Isogomphodon oxyrhynchus,Critically Endangered,2020,Decreasing,,x,x
169760690,CARCHARHINIFORMES,CARCHARHINIDAE,Lamiopsis,temminckii,Lamiopsis temminckii,Endangered,2021,Decreasing,,x,x
169755340,CARCHARHINIFORMES,CARCHARHINIDAE,Lamiopsis,tephrodes,Lamiopsis tephrodes,Endangered,2021,Decreasing,,x,x
41831,CARCHARHINIFORMES,CARCHARHINIDAE,Loxodon,macrorhinus,Loxodon macrorhinus,Near Threatened,2021,Decreasing,,x,x
161355,CARCHARHINIFORMES,CARCHARHINIDAE,Nasolamia,velox,Nasolamia velox,Endangered,2020,Decreasing,,x,x
41836,CARCHARHINIFORMES,CARCHARHINIDAE,Negaprion,acutidens,Negaprion acutidens,Endangered,2021,Decreasing,,x,x
39380,CARCHARHINIFORMES,CARCHARHINIDAE,Negaprion,brevirostris,Negaprion brevirostris,Vulnerable,2021,Decreasing,,x,x
39381,CARCHARHINIFORMES,CARCHARHINIDAE,Prionace,glauca,Prionace glauca,Near Threatened,2019,Decreasing,,x,x
41850,CARCHARHINIFORMES,CARCHARHINIDAE,Rhizoprionodon,acutus,Rhizoprionodon acutus,Vulnerable,2020,Decreasing,,x,x
44666,CARCHARHINIFORMES,CARCHARHINIDAE,Rhizoprionodon,lalandii,Rhizoprionodon lalandii,Vulnerable,2020,Decreasing,,x,x
161662,CARCHARHINIFORMES,CARCHARHINIDAE,Rhizoprionodon,longurio,Rhizoprionodon longurio,Vulnerable,2020,Decreasing,,x,x
41851,CARCHARHINIFORMES,CARCHARHINIDAE,Rhizoprionodon,oligolinx,Rhizoprionodon oligolinx,Near Threatened,2021,Decreasing,,x,x
61407,CARCHARHINIFORMES,CARCHARHINIDAE,Rhizoprionodon,porosus,Rhizoprionodon porosus,Vulnerable,2021,,,x,x
41852,CARCHARHINIFORMES,CARCHARHINIDAE,Rhizoprionodon,taylori,Rhizoprionodon taylori,Least Concern,2019,Unknown,,x,x
39382,CARCHARHINIFORMES,CARCHARHINIDAE,Rhizoprionodon,terraenovae,Rhizoprionodon terraenovae,Least Concern,2021,Increasing,,x,x
169234201,CARCHARHINIFORMES,CARCHARHINIDAE,Scoliodon,laticaudus,Scoliodon laticaudus,Near Threatened,2021,Decreasing,,x,x
169233669,CARCHARHINIFORMES,CARCHARHINIDAE,Scoliodon,macrorhynchos,Scoliodon macrorhynchos,Near Threatened,2020,Decreasing,,x,x
39384,CARCHARHINIFORMES,CARCHARHINIDAE,Triaenodon,obesus,Triaenodon obesus,Vulnerable,2020,Decreasing,,x,x
161384,SQUALIFORMES,CENTROPHORIDAE,Centrophorus,atromarginatus,Centrophorus atromarginatus,Critically Endangered,2020,Decreasing,,,
162293947,SQUALIFORMES,CENTROPHORIDAE,Centrophorus,granulosus,Centrophorus granulosus,Endangered,2020,Decreasing,,,
41740,SQUALIFORMES,CENTROPHORIDAE,Centrophorus,harrissoni,Centrophorus harrissoni,Endangered,2020,Decreasing,,,
44563,SQUALIFORMES,CENTROPHORIDAE,Centrophorus,isodon,Centrophorus isodon,Endangered,2020,Decreasing,,,
162292832,SQUALIFORMES,CENTROPHORIDAE,Centrophorus,lesliei,Centrophorus lesliei,Endangered,2020,Decreasing,,,
162292301,SQUALIFORMES,CENTROPHORIDAE,Centrophorus,longipinnis,Centrophorus longipinnis,Endangered,2020,Decreasing,,,
42838,SQUALIFORMES,CENTROPHORIDAE,Centrophorus,moluccensis,Centrophorus moluccensis,Vulnerable,2020,Decreasing,,,
161417,SQUALIFORMES,CENTROPHORIDAE,Centrophorus,seychellorum,Centrophorus seychellorum,Least Concern,2019,Stable,,,
41871,SQUALIFORMES,CENTROPHORIDAE,Centrophorus,squamosus,Centrophorus squamosus,Endangered,2020,Decreasing,,,
60208,SQUALIFORMES,CENTROPHORIDAE,Centrophorus,tessellatus,Centrophorus tessellatus,Endangered,2021,Decreasing,,,
41745,SQUALIFORMES,CENTROPHORIDAE,Centrophorus,uyato,Centrophorus uyato,Endangered,2020,Decreasing,,,
195485,SQUALIFORMES,CENTROPHORIDAE,Centrophorus,westraliensis,Centrophorus westraliensis,Data Deficient,2015,Unknown,,,
41798,SQUALIFORMES,CENTROPHORIDAE,Deania,calcea,Deania calcea,Near Threatened,2020,Decreasing,,,
161551,SQUALIFORMES,CENTROPHORIDAE,Deania,profundorum,Deania profundorum,Near Threatened,2020,Decreasing,,,
161635,SQUALIFORMES,CENTROPHORIDAE,Deania,quadrispinosa,Deania quadrispinosa,Vulnerable,2020,Decreasing,,,
4292,LAMNIFORMES,CETORHINIDAE,Cetorhinus,maximus,Cetorhinus maximus,Endangered,2021,Decreasing,x,,x
195427,CHIMAERIFORMES,CHIMAERIDAE,Chimaera,argiloba,Chimaera argiloba,Least Concern,2015,Unknown,,,
195428,CHIMAERIFORMES,CHIMAERIDAE,Chimaera,bahamaensis,Chimaera bahamaensis,Least Concern,2020,Stable,,,
124398187,CHIMAERIFORMES,CHIMAERIDAE,Chimaera,buccanigella,Chimaera buccanigella,Data Deficient,2020,Unknown,,,
116878608,CHIMAERIFORMES,CHIMAERIDAE,Chimaera,carophila,Chimaera carophila,Least Concern,2018,Unknown,,,
60183,CHIMAERIFORMES,CHIMAERIDAE,Chimaera,cubana,Chimaera cubana,Least Concern,2020,Stable,,,
124398222,CHIMAERIFORMES,CHIMAERIDAE,Chimaera,didierae,Chimaera didierae,Data Deficient,2020,Unknown,,,
195429,CHIMAERIFORMES,CHIMAERIDAE,Chimaera,fulva,Chimaera fulva,Least Concern,2015,Stable,,,
60184,CHIMAERIFORMES,CHIMAERIDAE,Chimaera,jordani,Chimaera jordani,Data Deficient,2020,Unknown,,,
60185,CHIMAERIFORMES,CHIMAERIDAE,Chimaera,lignaria,Chimaera lignaria,Least Concern,2015,Unknown,,,
195430,CHIMAERIFORMES,CHIMAERIDAE,Chimaera,macrospina,Chimaera macrospina,Least Concern,2015,Unknown,,,
63114,CHIMAERIFORMES,CHIMAERIDAE,Chimaera,monstrosa,Chimaera monstrosa,Vulnerable,2020,Decreasing,,,
195431,CHIMAERIFORMES,CHIMAERIDAE,Chimaera,notafricana,Chimaera notafricana,Least Concern,2020,Stable,,,
195432,CHIMAERIFORMES,CHIMAERIDAE,Chimaera,obscura,Chimaera obscura,Least Concern,2020,Stable,,,
130420951,CHIMAERIFORMES,CHIMAERIDAE,Chimaera,ogilbyi,Chimaera ogilbyi,Near Threatened,2020,Decreasing,,,
18901743,CHIMAERIFORMES,CHIMAERIDAE,Chimaera,opalescens,Chimaera opalescens,Least Concern,2020,Stable,,,
129494544,CHIMAERIFORMES,CHIMAERIDAE,Chimaera,orientalis,Chimaera orientalis,Data Deficient,2020,Unknown,,,
60186,CHIMAERIFORMES,CHIMAERIDAE,Chimaera,owstoni,Chimaera owstoni,Data Deficient,2020,Unknown,,,
41793,CHIMAERIFORMES,CHIMAERIDAE,Chimaera,panthera,Chimaera panthera,Least Concern,2020,Stable,,,
60187,CHIMAERIFORMES,CHIMAERIDAE,Chimaera,phantasma,Chimaera phantasma,Vulnerable,2020,Decreasing,,,
124398312,CHIMAERIFORMES,CHIMAERIDAE,Chimaera,willwatchi,Chimaera willwatchi,Data Deficient,2020,Unknown,,,
63123,CHIMAERIFORMES,CHIMAERIDAE,Hydrolagus,affinis,Hydrolagus affinis,Least Concern,2020,Stable,,,
60188,CHIMAERIFORMES,CHIMAERIDAE,Hydrolagus,africanus,Hydrolagus africanus,Least Concern,2020,Stable,,,
60189,CHIMAERIFORMES,CHIMAERIDAE,Hydrolagus,alberti,Hydrolagus alberti,Least Concern,2020,Stable,,,
161324,CHIMAERIFORMES,CHIMAERIDAE,Hydrolagus,alphus,Hydrolagus alphus,Least Concern,2020,Stable,,,
60190,CHIMAERIFORMES,CHIMAERIDAE,Hydrolagus,barbouri,Hydrolagus barbouri,Data Deficient,2020,Unknown,,,
41826,CHIMAERIFORMES,CHIMAERIDAE,Hydrolagus,bemisi,Hydrolagus bemisi,Least Concern,2018,Stable,,,
60191,CHIMAERIFORMES,CHIMAERIDAE,Hydrolagus,colliei,Hydrolagus colliei,Least Concern,2015,Increasing,,,
124398342,CHIMAERIFORMES,CHIMAERIDAE,Hydrolagus,erithacus,Hydrolagus erithacus,Data Deficient,2020,Unknown,,,
195433,CHIMAERIFORMES,CHIMAERIDAE,Hydrolagus,homonycteris,Hydrolagus homonycteris,Least Concern,2015,Unknown,,,
161475,CHIMAERIFORMES,CHIMAERIDAE,Hydrolagus,lusitanicus,Hydrolagus lusitanicus,Least Concern,2015,Unknown,,,
60193,CHIMAERIFORMES,CHIMAERIDAE,Hydrolagus,macrophthalmus,Hydrolagus macrophthalmus,Least Concern,2020,Stable,,,
195434,CHIMAERIFORMES,CHIMAERIDAE,Hydrolagus,marmoratus,Hydrolagus marmoratus,Least Concern,2015,Unknown,,,
63151,CHIMAERIFORMES,CHIMAERIDAE,Hydrolagus,matallanasi,Hydrolagus matallanasi,Vulnerable,2020,Decreasing,,,
63164,CHIMAERIFORMES,CHIMAERIDAE,Hydrolagus,mccoskeri,Hydrolagus mccoskeri,Least Concern,2020,Stable,,,
195435,CHIMAERIFORMES,CHIMAERIDAE,Hydrolagus,melanophasma,Hydrolagus melanophasma,Least Concern,2020,Stable,,,
63104,CHIMAERIFORMES,CHIMAERIDAE,Hydrolagus,mirabilis,Hydrolagus mirabilis,Least Concern,2020,Stable,,,
60194,CHIMAERIFORMES,CHIMAERIDAE,Hydrolagus,mitsukurii,Hydrolagus mitsukurii,Near Threatened,2020,Decreasing,,,
41827,CHIMAERIFORMES,CHIMAERIDAE,Hydrolagus,novaezealandiae,Hydrolagus novaezealandiae,Least Concern,2018,Stable,,,
63103,CHIMAERIFORMES,CHIMAERIDAE,Hydrolagus,pallidus,Hydrolagus pallidus,Least Concern,2020,Stable,,,
60196,CHIMAERIFORMES,CHIMAERIDAE,Hydrolagus,purpurescens,Hydrolagus purpurescens,Least Concern,2020,Stable,,,
60197,CHIMAERIFORMES,CHIMAERIDAE,Hydrolagus,trolli,Hydrolagus trolli,Least Concern,2015,Unknown,,,
195489,HEXANCHIFORMES,CHLAMYDOSELACHIDAE,Chlamydoselachus,africana,Chlamydoselachus africana,Least Concern,2019,Stable,,,
41794,HEXANCHIFORMES,CHLAMYDOSELACHIDAE,Chlamydoselachus,anguineus,Chlamydoselachus anguineus,Least Concern,2016,Unknown,,,
6229,SQUALIFORMES,DALATIIDAE,Dalatias,licha,Dalatias licha,Vulnerable,2018,Decreasing,,,
44603,SQUALIFORMES,DALATIIDAE,Euprotomicroides,zantedeschia,Euprotomicroides zantedeschia,Least Concern,2019,Stable,,,
60210,SQUALIFORMES,DALATIIDAE,Euprotomicrus,bispinatus,Euprotomicrus bispinatus,Least Concern,2015,Unknown,,,
60211,SQUALIFORMES,DALATIIDAE,Heteroscymnoides,marleyi,Heteroscymnoides marleyi,Least Concern,2019,Stable,,,
41830,SQUALIFORMES,DALATIIDAE,Isistius,brasiliensis,Isistius brasiliensis,Least Concern,2018,Unknown,,,
60212,SQUALIFORMES,DALATIIDAE,Isistius,plutodus,Isistius plutodus,Least Concern,2015,Unknown,,,
153198442,SQUALIFORMES,DALATIIDAE,Mollisquama,mississippiensis,Mollisquama mississippiensis,Least Concern,2020,Stable,,,
44515,SQUALIFORMES,DALATIIDAE,Mollisquama,parini,Mollisquama parini,Least Concern,2020,Stable,,,
41858,SQUALIFORMES,DALATIIDAE,Squaliolus,aliae,Squaliolus aliae,Least Concern,2015,Unknown,,,
60214,SQUALIFORMES,DALATIIDAE,Squaliolus,laticaudus,Squaliolus laticaudus,Least Concern,2020,Stable,,,
41801,SQUALIFORMES,ECHINORHINIDAE,Echinorhinus,brucus,Echinorhinus brucus,Endangered,2020,Decreasing,,,
41802,SQUALIFORMES,ECHINORHINIDAE,Echinorhinus,cookei,Echinorhinus cookei,Data Deficient,2018,Unknown,,,
44653,SQUALIFORMES,ETMOPTERIDAE,Aculeola,nigra,Aculeola nigra,Near Threatened,2020,Decreasing,,,
161740,SQUALIFORMES,ETMOPTERIDAE,Centroscyllium,excelsum,Centroscyllium excelsum,Near Threatened,2021,Decreasing,,,
161521,SQUALIFORMES,ETMOPTERIDAE,Centroscyllium,fabricii,Centroscyllium fabricii,Least Concern,2020,Stable,,,
44567,SQUALIFORMES,ETMOPTERIDAE,Centroscyllium,granulatum,Centroscyllium granulatum,Vulnerable,2020,Decreasing,,,
41746,SQUALIFORMES,ETMOPTERIDAE,Centroscyllium,kamoharai,Centroscyllium kamoharai,Least Concern,2018,Unknown,,,
44514,SQUALIFORMES,ETMOPTERIDAE,Centroscyllium,nigrum,Centroscyllium nigrum,Least Concern,2020,Stable,,,
161578,SQUALIFORMES,ETMOPTERIDAE,Centroscyllium,ornatum,Centroscyllium ornatum,Least Concern,2020,Stable,,,
161508,SQUALIFORMES,ETMOPTERIDAE,Centroscyllium,ritteri,Centroscyllium ritteri,Least Concern,2021,Stable,,,
124357224,SQUALIFORMES,ETMOPTERIDAE,Etmopterus,alphus,Etmopterus alphus,Least Concern,2019,Unknown,,,
144135467,SQUALIFORMES,ETMOPTERIDAE,Etmopterus,benchleyi,Etmopterus benchleyi,Least Concern,2020,Stable,,,
60236,SQUALIFORMES,ETMOPTERIDAE,Etmopterus,bigelowi,Etmopterus bigelowi,Least Concern,2020,Stable,,,
161649,SQUALIFORMES,ETMOPTERIDAE,Etmopterus,brachyurus,Etmopterus brachyurus,Data Deficient,2015,Unknown,,,
60237,SQUALIFORMES,ETMOPTERIDAE,Etmopterus,bullisi,Etmopterus bullisi,Least Concern,2020,Stable,,,
161327,SQUALIFORMES,ETMOPTERIDAE,Etmopterus,burgessi,Etmopterus burgessi,Least Concern,2020,Stable,,,
60238,SQUALIFORMES,ETMOPTERIDAE,Etmopterus,carteri,Etmopterus carteri,Least Concern,2020,Stable,,,
41804,SQUALIFORMES,ETMOPTERIDAE,Etmopterus,caudistigmus,Etmopterus caudistigmus,Least Concern,2018,Unknown,,,
124357844,SQUALIFORMES,ETMOPTERIDAE,Etmopterus,compagnoi,Etmopterus compagnoi,Least Concern,2019,Stable,,,
161585,SQUALIFORMES,ETMOPTERIDAE,Etmopterus,decacuspidatus,Etmopterus decacuspidatus,Least Concern,2020,Stable,,,
41805,SQUALIFORMES,ETMOPTERIDAE,Etmopterus,dianthus,Etmopterus dianthus,Least Concern,2015,Unknown,,,
41806,SQUALIFORMES,ETMOPTERIDAE,Etmopterus,dislineatus,Etmopterus dislineatus,Least Concern,2015,Unknown,,,
41807,SQUALIFORMES,ETMOPTERIDAE,Etmopterus,evansi,Etmopterus evansi,Least Concern,2015,Unknown,,,
41808,SQUALIFORMES,ETMOPTERIDAE,Etmopterus,fusus,Etmopterus fusus,Least Concern,2015,Unknown,,,
63108,SQUALIFORMES,ETMOPTERIDAE,Etmopterus,gracilispinis,Etmopterus gracilispinis,Least Concern,2020,Stable,,,
116856245,SQUALIFORMES,ETMOPTERIDAE,Etmopterus,granulosus,Etmopterus granulosus,Least Concern,2018,Unknown,,,
60239,SQUALIFORMES,ETMOPTERIDAE,Etmopterus,hillianus,Etmopterus hillianus,Least Concern,2020,Stable,,,
169231349,SQUALIFORMES,ETMOPTERIDAE,Etmopterus,joungi,Etmopterus joungi,Least Concern,2020,Stable,,,
162209137,SQUALIFORMES,ETMOPTERIDAE,Etmopterus,lailae,Etmopterus lailae,Data Deficient,2020,Unknown,,,
63159,SQUALIFORMES,ETMOPTERIDAE,Etmopterus,litvinovi,Etmopterus litvinovi,Least Concern,2020,Stable,,,
161517,SQUALIFORMES,ETMOPTERIDAE,Etmopterus,lucifer,Etmopterus lucifer,Least Concern,2018,Unknown,,,
162209242,SQUALIFORMES,ETMOPTERIDAE,Etmopterus,marshae,Etmopterus marshae,Least Concern,2020,Stable,,,
161407,SQUALIFORMES,ETMOPTERIDAE,Etmopterus,molleri,Etmopterus molleri,Data Deficient,2015,Unknown,,,
60240,SQUALIFORMES,ETMOPTERIDAE,Etmopterus,perryi,Etmopterus perryi,Least Concern,2020,Stable,,,
60241,SQUALIFORMES,ETMOPTERIDAE,Etmopterus,polli,Etmopterus polli,Least Concern,2021,Stable,,,
60242,SQUALIFORMES,ETMOPTERIDAE,Etmopterus,princeps,Etmopterus princeps,Least Concern,2020,Stable,,,
41809,SQUALIFORMES,ETMOPTERIDAE,Etmopterus,pseudosqualiolus,Etmopterus pseudosqualiolus,Least Concern,2018,Unknown,,,
161443,SQUALIFORMES,ETMOPTERIDAE,Etmopterus,pusillus,Etmopterus pusillus,Least Concern,2020,Stable,,,
63160,SQUALIFORMES,ETMOPTERIDAE,Etmopterus,pycnolepis,Etmopterus pycnolepis,Least Concern,2020,Stable,,,
60243,SQUALIFORMES,ETMOPTERIDAE,Etmopterus,robinsi,Etmopterus robinsi,Least Concern,2020,Stable,,,
162209351,SQUALIFORMES,ETMOPTERIDAE,Etmopterus,samadiae,Etmopterus samadiae,Least Concern,2020,Stable,,,
60246,SQUALIFORMES,ETMOPTERIDAE,Etmopterus,schultzi,Etmopterus schultzi,Least Concern,2021,Stable,,,
124357891,SQUALIFORMES,ETMOPTERIDAE,Etmopterus,sculptus,Etmopterus sculptus,Least Concern,2019,Stable,,,
60244,SQUALIFORMES,ETMOPTERIDAE,Etmopterus,sentosus,Etmopterus sentosus,Least Concern,2019,Stable,,,
44564,SQUALIFORMES,ETMOPTERIDAE,Etmopterus,sheikoi,Etmopterus sheikoi,Least Concern,2020,Stable,,,
161388,SQUALIFORMES,ETMOPTERIDAE,Etmopterus,spinax,Etmopterus spinax,Vulnerable,2021,Decreasing,,,
161448,SQUALIFORMES,ETMOPTERIDAE,Etmopterus,splendidus,Etmopterus splendidus,Least Concern,2020,Stable,,,
124696811,SQUALIFORMES,ETMOPTERIDAE,Etmopterus,unicolor,Etmopterus unicolor,Data Deficient,2018,Unknown,,,
116878630,SQUALIFORMES,ETMOPTERIDAE,Etmopterus,viator,Etmopterus viator,Least Concern,2018,Unknown,,,
161441,SQUALIFORMES,ETMOPTERIDAE,Etmopterus,villosus,Etmopterus villosus,Least Concern,2020,Stable,,,
60245,SQUALIFORMES,ETMOPTERIDAE,Etmopterus,virens,Etmopterus virens,Least Concern,2020,Increasing,,,
44205,SQUALIFORMES,ETMOPTERIDAE,Trigonognathus,kabeyai,Trigonognathus kabeyai,Least Concern,2020,Stable,,,
144141186,ORECTOLOBIFORMES,GINGLYMOSTOMATIDAE,Ginglymostoma,cirratum,Ginglymostoma cirratum,Vulnerable,2021,Decreasing,,,
144151831,ORECTOLOBIFORMES,GINGLYMOSTOMATIDAE,Ginglymostoma,unami,Ginglymostoma unami,Endangered,2021,Decreasing,,,
41835,ORECTOLOBIFORMES,GINGLYMOSTOMATIDAE,Nebrius,ferrugineus,Nebrius ferrugineus,Vulnerable,2021,Decreasing,,,
44617,ORECTOLOBIFORMES,GINGLYMOSTOMATIDAE,Pseudoginglymostoma,brevicaudatum,Pseudoginglymostoma brevicaudatum,Critically Endangered,2019,Decreasing,,,
161695,CARCHARHINIFORMES,HEMIGALEIDAE,Chaenogaleus,macrostoma,Chaenogaleus macrostoma,Vulnerable,2021,Decreasing,,,
161539,CARCHARHINIFORMES,HEMIGALEIDAE,Hemigaleus,australiensis,Hemigaleus australiensis,Least Concern,2016,Unknown,,,
41816,CARCHARHINIFORMES,HEMIGALEIDAE,Hemigaleus,microstoma,Hemigaleus microstoma,Vulnerable,2021,Decreasing,,,
41874,CARCHARHINIFORMES,HEMIGALEIDAE,Hemipristis,elongata,Hemipristis elongata,Vulnerable,2016,Decreasing,,,
161639,CARCHARHINIFORMES,HEMIGALEIDAE,Paragaleus,leucolomatus,Paragaleus leucolomatus,Vulnerable,2020,Decreasing,,,
161707,CARCHARHINIFORMES,HEMIGALEIDAE,Paragaleus,pectoralis,Paragaleus pectoralis,Endangered,2021,Decreasing,,,
161506,CARCHARHINIFORMES,HEMIGALEIDAE,Paragaleus,randalli,Paragaleus randalli,Vulnerable,2021,Decreasing,,,
161543,CARCHARHINIFORMES,HEMIGALEIDAE,Paragaleus,tengi,Paragaleus tengi,Endangered,2020,Decreasing,,,
161426,ORECTOLOBIFORMES,HEMISCYLLIIDAE,Chiloscyllium,arabicum,Chiloscyllium arabicum,Near Threatened,2017,Decreasing,,,
161616,ORECTOLOBIFORMES,HEMISCYLLIIDAE,Chiloscyllium,burmensis,Chiloscyllium burmensis,Vulnerable,2020,Decreasing,,,
124552788,ORECTOLOBIFORMES,HEMISCYLLIIDAE,Chiloscyllium,caeruleopunctatum,Chiloscyllium caeruleopunctatum,Data Deficient,2021,Unknown,,,
41792,ORECTOLOBIFORMES,HEMISCYLLIIDAE,Chiloscyllium,griseum,Chiloscyllium griseum,Vulnerable,2020,Decreasing,,,
161557,ORECTOLOBIFORMES,HEMISCYLLIIDAE,Chiloscyllium,hasselti,Chiloscyllium hasselti,Endangered,2020,Decreasing,,,
41791,ORECTOLOBIFORMES,HEMISCYLLIIDAE,Chiloscyllium,indicum,Chiloscyllium indicum,Vulnerable,2020,Decreasing,,,
124554059,ORECTOLOBIFORMES,HEMISCYLLIIDAE,Chiloscyllium,plagiosum,Chiloscyllium plagiosum,Near Threatened,2021,Decreasing,,,
41872,ORECTOLOBIFORMES,HEMISCYLLIIDAE,Chiloscyllium,punctatum,Chiloscyllium punctatum,Near Threatened,2016,Decreasing,,,
199932,ORECTOLOBIFORMES,HEMISCYLLIIDAE,Hemiscyllium,freycineti,Hemiscyllium freycineti,Near Threatened,2021,Decreasing,,,
195436,ORECTOLOBIFORMES,HEMISCYLLIIDAE,Hemiscyllium,galei,Hemiscyllium galei,Vulnerable,2021,Decreasing,,,
41875,ORECTOLOBIFORMES,HEMISCYLLIIDAE,Hemiscyllium,hallstromi,Hemiscyllium hallstromi,Vulnerable,2016,Unknown,,,
176486052,ORECTOLOBIFORMES,HEMISCYLLIIDAE,Hemiscyllium,halmahera,Hemiscyllium halmahera,Near Threatened,2021,Decreasing,,,
195437,ORECTOLOBIFORMES,HEMISCYLLIIDAE,Hemiscyllium,henryi,Hemiscyllium henryi,Vulnerable,2021,Decreasing,,,
195438,ORECTOLOBIFORMES,HEMISCYLLIIDAE,Hemiscyllium,michaeli,Hemiscyllium michaeli,Vulnerable,2021,Unknown,,,
41818,ORECTOLOBIFORMES,HEMISCYLLIIDAE,Hemiscyllium,ocellatum,Hemiscyllium ocellatum,Least Concern,2015,Stable,,,
41819,ORECTOLOBIFORMES,HEMISCYLLIIDAE,Hemiscyllium,strahani,Hemiscyllium strahani,Vulnerable,2021,Unknown,,,
41820,ORECTOLOBIFORMES,HEMISCYLLIIDAE,Hemiscyllium,trispeculare,Hemiscyllium trispeculare,Least Concern,2015,Unknown,,,
39333,HETERODONTIFORMES,HETERODONTIDAE,Heterodontus,francisci,Heterodontus francisci,Data Deficient,2015,Unknown,,,
41824,HETERODONTIFORMES,HETERODONTIDAE,Heterodontus,galeatus,Heterodontus galeatus,Least Concern,2016,Unknown,,,
161714,HETERODONTIFORMES,HETERODONTIDAE,Heterodontus,japonicus,Heterodontus japonicus,Least Concern,2021,Stable,,,
60235,HETERODONTIFORMES,HETERODONTIDAE,Heterodontus,mexicanus,Heterodontus mexicanus,Least Concern,2020,Stable,,,
161720,HETERODONTIFORMES,HETERODONTIDAE,Heterodontus,omanensis,Heterodontus omanensis,Data Deficient,2017,Unknown,,,
39334,HETERODONTIFORMES,HETERODONTIDAE,Heterodontus,portusjacksoni,Heterodontus portusjacksoni,Least Concern,2015,Stable,,,
44579,HETERODONTIFORMES,HETERODONTIDAE,Heterodontus,quoyi,Heterodontus quoyi,Least Concern,2020,Stable,,,
44614,HETERODONTIFORMES,HETERODONTIDAE,Heterodontus,ramalheira,Heterodontus ramalheira,Data Deficient,2019,Unknown,,,
41825,HETERODONTIFORMES,HETERODONTIDAE,Heterodontus,zebra,Heterodontus zebra,Least Concern,2020,Decreasing,,,
41823,HEXANCHIFORMES,HEXANCHIDAE,Heptranchias,perlo,Heptranchias perlo,Near Threatened,2020,Decreasing,,,
10030,HEXANCHIFORMES,HEXANCHIDAE,Hexanchus,griseus,Hexanchus griseus,Near Threatened,2020,Decreasing,,,
152781341,HEXANCHIFORMES,HEXANCHIDAE,Hexanchus,nakamurai,Hexanchus nakamurai,Near Threatened,2020,Decreasing,,,
152781715,HEXANCHIFORMES,HEXANCHIDAE,Hexanchus,vitulus,Hexanchus vitulus,Least Concern,2020,Stable,,,
39324,HEXANCHIFORMES,HEXANCHIDAE,Notorynchus,cepedianus,Notorynchus cepedianus,Vulnerable,2020,Decreasing,,,
3855,LAMNIFORMES,LAMNIDAE,Carcharodon,carcharias,Carcharodon carcharias,Vulnerable,2022,Decreasing,x,,x
39341,LAMNIFORMES,LAMNIDAE,Isurus,oxyrinchus,Isurus oxyrinchus,Endangered,2019,Decreasing,x,,x
60225,LAMNIFORMES,LAMNIDAE,Isurus,paucus,Isurus paucus,Endangered,2019,Decreasing,x,,x
39342,LAMNIFORMES,LAMNIDAE,Lamna,ditropis,Lamna ditropis,Least Concern,2019,Stable,,,
11200,LAMNIFORMES,LAMNIDAE,Lamna,nasus,Lamna nasus,Vulnerable,2019,Decreasing,x,,x
39350,CARCHARHINIFORMES,LEPTOCHARIIDAE,Leptocharias,smithii,Leptocharias smithii,Vulnerable,2021,Decreasing,,,
39338,LAMNIFORMES,MEGACHASMIDAE,Megachasma,pelagios,Megachasma pelagios,Least Concern,2019,Unknown,,,
44565,LAMNIFORMES,MITSUKURINIDAE,Mitsukurina,owstoni,Mitsukurina owstoni,Least Concern,2018,Unknown,,,
3854,LAMNIFORMES,ODONTASPIDIDAE,Carcharias,taurus,Carcharias taurus,Critically Endangered,2021,Decreasing,,,
41876,LAMNIFORMES,ODONTASPIDIDAE,Odontaspis,ferox,Odontaspis ferox,Vulnerable,2016,Decreasing,,,
39336,LAMNIFORMES,ODONTASPIDIDAE,Odontaspis,noronhai,Odontaspis noronhai,Least Concern,2019,Unknown,,,
41873,ORECTOLOBIFORMES,ORECTOLOBIDAE,Eucrossorhinus,dasypogon,Eucrossorhinus dasypogon,Least Concern,2015,Unknown,,,
161664,ORECTOLOBIFORMES,ORECTOLOBIDAE,Orectolobus,floridus,Orectolobus floridus,Least Concern,2015,Unknown,,,
161709,ORECTOLOBIFORMES,ORECTOLOBIDAE,Orectolobus,halei,Orectolobus halei,Least Concern,2015,Stable,,,
42717,ORECTOLOBIFORMES,ORECTOLOBIDAE,Orectolobus,hutchinsi,Orectolobus hutchinsi,Least Concern,2015,Unknown,,,
161563,ORECTOLOBIFORMES,ORECTOLOBIDAE,Orectolobus,japonicus,Orectolobus japonicus,Least Concern,2020,Decreasing,,,
176486152,ORECTOLOBIFORMES,ORECTOLOBIDAE,Orectolobus,leptolineatus,Orectolobus leptolineatus,Near Threatened,2021,Decreasing,,,
41837,ORECTOLOBIFORMES,ORECTOLOBIDAE,Orectolobus,maculatus,Orectolobus maculatus,Least Concern,2015,Unknown,,,
41838,ORECTOLOBIFORMES,ORECTOLOBIDAE,Orectolobus,ornatus,Orectolobus ornatus,Least Concern,2015,Unknown,,,
161651,ORECTOLOBIFORMES,ORECTOLOBIDAE,Orectolobus,parvimaculatus,Orectolobus parvimaculatus,Least Concern,2015,Unknown,,,
195439,ORECTOLOBIFORMES,ORECTOLOBIDAE,Orectolobus,reticulatus,Orectolobus reticulatus,Data Deficient,2015,Unknown,,,
41839,ORECTOLOBIFORMES,ORECTOLOBIDAE,Orectolobus,wardi,Orectolobus wardi,Least Concern,2015,Unknown,,,
41864,ORECTOLOBIFORMES,ORECTOLOBIDAE,Sutorectus,tentaculatus,Sutorectus tentaculatus,Least Concern,2015,Unknown,,,
41840,SQUALIFORMES,OXYNOTIDAE,Oxynotus,bruniensis,Oxynotus bruniensis,Near Threatened,2018,Unknown,,,
44568,SQUALIFORMES,OXYNOTIDAE,Oxynotus,caribbaeus,Oxynotus caribbaeus,Least Concern,2020,Stable,,,
63141,SQUALIFORMES,OXYNOTIDAE,Oxynotus,centrina,Oxynotus centrina,Endangered,2021,Decreasing,,,
44206,SQUALIFORMES,OXYNOTIDAE,Oxynotus,japonicus,Oxynotus japonicus,Vulnerable,2021,Decreasing,,,
161361,SQUALIFORMES,OXYNOTIDAE,Oxynotus,paradoxus,Oxynotus paradoxus,Vulnerable,2021,Decreasing,,,
161351,ORECTOLOBIFORMES,PARASCYLLIIDAE,Cirrhoscyllium,expolitum,Cirrhoscyllium expolitum,Data Deficient,2020,Unknown,,,
161679,ORECTOLOBIFORMES,PARASCYLLIIDAE,Cirrhoscyllium,formosanum,Cirrhoscyllium formosanum,Vulnerable,2020,Decreasing,,,
161606,ORECTOLOBIFORMES,PARASCYLLIIDAE,Cirrhoscyllium,japonicum,Cirrhoscyllium japonicum,Least Concern,2021,Stable,,,
41841,ORECTOLOBIFORMES,PARASCYLLIIDAE,Parascyllium,collare,Parascyllium collare,Least Concern,2016,Unknown,,,
195440,ORECTOLOBIFORMES,PARASCYLLIIDAE,Parascyllium,elongatum,Parascyllium elongatum,Data Deficient,2015,Unknown,,,
41842,ORECTOLOBIFORMES,PARASCYLLIIDAE,Parascyllium,ferrugineum,Parascyllium ferrugineum,Least Concern,2016,Unknown,,,
41843,ORECTOLOBIFORMES,PARASCYLLIIDAE,Parascyllium,sparsimaculatum,Parascyllium sparsimaculatum,Data Deficient,2015,Unknown,,,
41844,ORECTOLOBIFORMES,PARASCYLLIIDAE,Parascyllium,variolatum,Parascyllium variolatum,Least Concern,2016,Unknown,,,
41718,CARCHARHINIFORMES,PENTANCHIDAE,Apristurus,albisoma,Apristurus albisoma,Least Concern,2015,Unknown,,,
42701,CARCHARHINIFORMES,PENTANCHIDAE,Apristurus,ampliceps,Apristurus ampliceps,Least Concern,2015,Unknown,,,
44207,CARCHARHINIFORMES,PENTANCHIDAE,Apristurus,aphyodes,Apristurus aphyodes,Least Concern,2015,Unknown,,,
42704,CARCHARHINIFORMES,PENTANCHIDAE,Apristurus,australis,Apristurus australis,Least Concern,2017,Unknown,,,
103055459,CARCHARHINIFORMES,PENTANCHIDAE,Apristurus,breviventralis,Apristurus breviventralis,Least Concern,2017,Unknown,,,
44209,CARCHARHINIFORMES,PENTANCHIDAE,Apristurus,brunneus,Apristurus brunneus,Data Deficient,2015,Unknown,,,
42703,CARCHARHINIFORMES,PENTANCHIDAE,Apristurus,bucephalus,Apristurus bucephalus,Data Deficient,2015,Unknown,,,
44572,CARCHARHINIFORMES,PENTANCHIDAE,Apristurus,canutus,Apristurus canutus,Least Concern,2020,Stable,,,
41719,CARCHARHINIFORMES,PENTANCHIDAE,Apristurus,exsanguis,Apristurus exsanguis,Least Concern,2018,Unknown,,,
44210,CARCHARHINIFORMES,PENTANCHIDAE,Apristurus,fedorovi,Apristurus fedorovi,Least Concern,2021,Stable,,,
116857982,CARCHARHINIFORMES,PENTANCHIDAE,Apristurus,garricki,Apristurus garricki,Least Concern,2018,Stable,,,
44211,CARCHARHINIFORMES,PENTANCHIDAE,Apristurus,gibbosus,Apristurus gibbosus,Least Concern,2020,Stable,,,
44212,CARCHARHINIFORMES,PENTANCHIDAE,Apristurus,herklotsi,Apristurus herklotsi,Least Concern,2020,Stable,,,
161470,CARCHARHINIFORMES,PENTANCHIDAE,Apristurus,indicus,Apristurus indicus,Least Concern,2017,Unknown,,,
44213,CARCHARHINIFORMES,PENTANCHIDAE,Apristurus,internatus,Apristurus internatus,Least Concern,2020,Stable,,,
44214,CARCHARHINIFORMES,PENTANCHIDAE,Apristurus,investigatoris,Apristurus investigatoris,Least Concern,2020,Stable,,,
161367,CARCHARHINIFORMES,PENTANCHIDAE,Apristurus,japonicus,Apristurus japonicus,Least Concern,2021,Stable,,,
44215,CARCHARHINIFORMES,PENTANCHIDAE,Apristurus,kampae,Apristurus kampae,Data Deficient,2015,Unknown,,,
44216,CARCHARHINIFORMES,PENTANCHIDAE,Apristurus,laurussonii,Apristurus laurussonii,Least Concern,2020,Stable,,,
44217,CARCHARHINIFORMES,PENTANCHIDAE,Apristurus,longicephalus,Apristurus longicephalus,Least Concern,2015,Unknown,,,
44218,CARCHARHINIFORMES,PENTANCHIDAE,Apristurus,macrorhynchus,Apristurus macrorhynchus,Least Concern,2021,Stable,,,
44219,CARCHARHINIFORMES,PENTANCHIDAE,Apristurus,macrostomus,Apristurus macrostomus,Least Concern,2020,Stable,,,
44599,CARCHARHINIFORMES,PENTANCHIDAE,Apristurus,manis,Apristurus manis,Least Concern,2019,Stable,,,
42700,CARCHARHINIFORMES,PENTANCHIDAE,Apristurus,melanoasper,Apristurus melanoasper,Least Concern,2016,Unknown,,,
44657,CARCHARHINIFORMES,PENTANCHIDAE,Apristurus,microps,Apristurus microps,Least Concern,2019,Stable,,,
44220,CARCHARHINIFORMES,PENTANCHIDAE,Apristurus,micropterygeus,Apristurus micropterygeus,Least Concern,2020,Stable,,,
117839264,CARCHARHINIFORMES,PENTANCHIDAE,Apristurus,nakayai,Apristurus nakayai,Least Concern,2020,Stable,,,
44573,CARCHARHINIFORMES,PENTANCHIDAE,Apristurus,nasutus,Apristurus nasutus,Least Concern,2020,Stable,,,
44221,CARCHARHINIFORMES,PENTANCHIDAE,Apristurus,parvipinnis,Apristurus parvipinnis,Least Concern,2020,Stable,,,
44222,CARCHARHINIFORMES,PENTANCHIDAE,Apristurus,pinguis,Apristurus pinguis,Least Concern,2015,Unknown,,,
44223,CARCHARHINIFORMES,PENTANCHIDAE,Apristurus,platyrhynchus,Apristurus platyrhynchus,Least Concern,2015,Unknown,,,
44224,CARCHARHINIFORMES,PENTANCHIDAE,Apristurus,profundorum,Apristurus profundorum,Least Concern,2020,Stable,,,
44639,CARCHARHINIFORMES,PENTANCHIDAE,Apristurus,riveri,Apristurus riveri,Least Concern,2020,Stable,,,
44602,CARCHARHINIFORMES,PENTANCHIDAE,Apristurus,saldanha,Apristurus saldanha,Least Concern,2019,Stable,,,
161672,CARCHARHINIFORMES,PENTANCHIDAE,Apristurus,sibogae,Apristurus sibogae,Least Concern,2020,Stable,,,
44225,CARCHARHINIFORMES,PENTANCHIDAE,Apristurus,sinensis,Apristurus sinensis,Data Deficient,2015,Unknown,,,
44226,CARCHARHINIFORMES,PENTANCHIDAE,Apristurus,spongiceps,Apristurus spongiceps,Data Deficient,2015,Unknown,,,
44574,CARCHARHINIFORMES,PENTANCHIDAE,Apristurus,stenseni,Apristurus stenseni,Least Concern,2020,Stable,,,
162209907,CARCHARHINIFORMES,PENTANCHIDAE,Apristurus,yangi,Apristurus yangi,Least Concern,2020,Stable,,,
41720,CARCHARHINIFORMES,PENTANCHIDAE,Asymbolus,analis,Asymbolus analis,Least Concern,2015,Stable,,,
41721,CARCHARHINIFORMES,PENTANCHIDAE,Asymbolus,funebris,Asymbolus funebris,Data Deficient,2016,Unknown,,,
195421,CARCHARHINIFORMES,PENTANCHIDAE,Asymbolus,galacticus,Asymbolus galacticus,Least Concern,2018,Unknown,,,
41722,CARCHARHINIFORMES,PENTANCHIDAE,Asymbolus,occiduus,Asymbolus occiduus,Least Concern,2016,Unknown,,,
41723,CARCHARHINIFORMES,PENTANCHIDAE,Asymbolus,pallidus,Asymbolus pallidus,Least Concern,2016,Unknown,,,
41724,CARCHARHINIFORMES,PENTANCHIDAE,Asymbolus,parvus,Asymbolus parvus,Least Concern,2016,Unknown,,,
41725,CARCHARHINIFORMES,PENTANCHIDAE,Asymbolus,rubiginosus,Asymbolus rubiginosus,Least Concern,2015,Unknown,,,
41726,CARCHARHINIFORMES,PENTANCHIDAE,Asymbolus,submaculatus,Asymbolus submaculatus,Least Concern,2016,Unknown,,,
41727,CARCHARHINIFORMES,PENTANCHIDAE,Asymbolus,vincenti,Asymbolus vincenti,Least Concern,2016,Unknown,,,
44227,CARCHARHINIFORMES,PENTANCHIDAE,Bythaelurus,alcockii,Bythaelurus alcockii,Data Deficient,2017,Unknown,,,
124396026,CARCHARHINIFORMES,PENTANCHIDAE,Bythaelurus,bachi,Bythaelurus bachi,Data Deficient,2019,Unknown,,,
61400,CARCHARHINIFORMES,PENTANCHIDAE,Bythaelurus,canescens,Bythaelurus canescens,Vulnerable,2020,Decreasing,,,
44604,CARCHARHINIFORMES,PENTANCHIDAE,Bythaelurus,clevai,Bythaelurus clevai,Data Deficient,2019,Unknown,,,
44170,CARCHARHINIFORMES,PENTANCHIDAE,Bythaelurus,dawsoni,Bythaelurus dawsoni,Least Concern,2018,Unknown,,,
144152304,CARCHARHINIFORMES,PENTANCHIDAE,Bythaelurus,giddingsi,Bythaelurus giddingsi,Least Concern,2020,Stable,,,
44228,CARCHARHINIFORMES,PENTANCHIDAE,Bythaelurus,hispidus,Bythaelurus hispidus,Near Threatened,2019,Unknown,,,
44229,CARCHARHINIFORMES,PENTANCHIDAE,Bythaelurus,immaculatus,Bythaelurus immaculatus,Least Concern,2020,Stable,,,
44171,CARCHARHINIFORMES,PENTANCHIDAE,Bythaelurus,incanus,Bythaelurus incanus,Data Deficient,2015,Unknown,,,
141744346,CARCHARHINIFORMES,PENTANCHIDAE,Bythaelurus,lutarius,Bythaelurus lutarius,Data Deficient,2019,Unknown,,,
124396124,CARCHARHINIFORMES,PENTANCHIDAE,Bythaelurus,naylori,Bythaelurus naylori,Data Deficient,2019,Unknown,,,
141747777,CARCHARHINIFORMES,PENTANCHIDAE,Bythaelurus,stewarti,Bythaelurus stewarti,Data Deficient,2020,Stable,,,
110903105,CARCHARHINIFORMES,PENTANCHIDAE,Bythaelurus,tenuicephalus,Bythaelurus tenuicephalus,Least Concern,2019,Stable,,,
141745938,CARCHARHINIFORMES,PENTANCHIDAE,Bythaelurus,vivaldii,Bythaelurus vivaldii,Data Deficient,2020,Unknown,,,
161455,CARCHARHINIFORMES,PENTANCHIDAE,Cephalurus,cephalus,Cephalurus cephalus,Least Concern,2020,Stable,,,
41811,CARCHARHINIFORMES,PENTANCHIDAE,Figaro,boardmani,Figaro boardmani,Least Concern,2016,Unknown,,,
42711,CARCHARHINIFORMES,PENTANCHIDAE,Figaro,striatus,Figaro striatus,Data Deficient,2016,Unknown,,,
161732,CARCHARHINIFORMES,PENTANCHIDAE,Galeus,antillensis,Galeus antillensis,Least Concern,2020,Stable,,,
161479,CARCHARHINIFORMES,PENTANCHIDAE,Galeus,arae,Galeus arae,Least Concern,2020,Stable,,,
63149,CARCHARHINIFORMES,PENTANCHIDAE,Galeus,atlanticus,Galeus atlanticus,Near Threatened,2021,Decreasing,,,
161460,CARCHARHINIFORMES,PENTANCHIDAE,Galeus,cadenati,Galeus cadenati,Least Concern,2020,Unknown,,,
162209990,CARCHARHINIFORMES,PENTANCHIDAE,Galeus,corriganae,Galeus corriganae,Least Concern,2020,Stable,,,
161364,CARCHARHINIFORMES,PENTANCHIDAE,Galeus,eastmani,Galeus eastmani,Least Concern,2020,Stable,,,
41812,CARCHARHINIFORMES,PENTANCHIDAE,Galeus,gracilis,Galeus gracilis,Data Deficient,2016,Unknown,,,
161473,CARCHARHINIFORMES,PENTANCHIDAE,Galeus,longirostris,Galeus longirostris,Least Concern,2021,Stable,,,
161398,CARCHARHINIFORMES,PENTANCHIDAE,Galeus,melastomus,Galeus melastomus,Least Concern,2021,Stable,,,
44578,CARCHARHINIFORMES,PENTANCHIDAE,Galeus,mincaronei,Galeus mincaronei,Vulnerable,2020,Decreasing,,,
161705,CARCHARHINIFORMES,PENTANCHIDAE,Galeus,murinus,Galeus murinus,Least Concern,2015,Stable,,,
161567,CARCHARHINIFORMES,PENTANCHIDAE,Galeus,nipponensis,Galeus nipponensis,Least Concern,2021,Stable,,,
60228,CARCHARHINIFORMES,PENTANCHIDAE,Galeus,piperatus,Galeus piperatus,Least Concern,2020,Stable,,,
44649,CARCHARHINIFORMES,PENTANCHIDAE,Galeus,polli,Galeus polli,Vulnerable,2021,Decreasing,,,
195425,CARCHARHINIFORMES,PENTANCHIDAE,Galeus,priapus,Galeus priapus,Least Concern,2018,Unknown,,,
161406,CARCHARHINIFORMES,PENTANCHIDAE,Galeus,sauteri,Galeus sauteri,Least Concern,2020,Stable,,,
161333,CARCHARHINIFORMES,PENTANCHIDAE,Galeus,schultzi,Galeus schultzi,Least Concern,2020,Stable,,,
161498,CARCHARHINIFORMES,PENTANCHIDAE,Galeus,springeri,Galeus springeri,Least Concern,2020,Stable,,,
161488,CARCHARHINIFORMES,PENTANCHIDAE,Halaelurus,boesemani,Halaelurus boesemani,Vulnerable,2017,Decreasing,,,
161680,CARCHARHINIFORMES,PENTANCHIDAE,Halaelurus,buergeri,Halaelurus buergeri,Endangered,2020,Decreasing,,,
44612,CARCHARHINIFORMES,PENTANCHIDAE,Halaelurus,lineatus,Halaelurus lineatus,Least Concern,2019,Stable,,,
161644,CARCHARHINIFORMES,PENTANCHIDAE,Halaelurus,maculosus,Halaelurus maculosus,Near Threatened,2020,Decreasing,,,
44613,CARCHARHINIFORMES,PENTANCHIDAE,Halaelurus,natalensis,Halaelurus natalensis,Vulnerable,2020,Decreasing,,,
161625,CARCHARHINIFORMES,PENTANCHIDAE,Halaelurus,quagga,Halaelurus quagga,Data Deficient,2017,Unknown,,,
42713,CARCHARHINIFORMES,PENTANCHIDAE,Halaelurus,sellus,Halaelurus sellus,Least Concern,2016,Unknown,,,
39345,CARCHARHINIFORMES,PENTANCHIDAE,Haploblepharus,edwardsii,Haploblepharus edwardsii,Endangered,2020,Decreasing,,,
39346,CARCHARHINIFORMES,PENTANCHIDAE,Haploblepharus,fuscus,Haploblepharus fuscus,Vulnerable,2020,Decreasing,,,
161667,CARCHARHINIFORMES,PENTANCHIDAE,Haploblepharus,kistnasamyi,Haploblepharus kistnasamyi,Vulnerable,2019,Decreasing,,,
161650,CARCHARHINIFORMES,PENTANCHIDAE,Haploblepharus,pictus,Haploblepharus pictus,Least Concern,2019,Stable,,,
161652,CARCHARHINIFORMES,PENTANCHIDAE,Holohalaelurus,favus,Holohalaelurus favus,Endangered,2020,Decreasing,,,
161531,CARCHARHINIFORMES,PENTANCHIDAE,Holohalaelurus,grennian,Holohalaelurus grennian,Data Deficient,2019,Unknown,,,
60229,CARCHARHINIFORMES,PENTANCHIDAE,Holohalaelurus,melanostigma,Holohalaelurus melanostigma,Least Concern,2019,Stable,,,
161675,CARCHARHINIFORMES,PENTANCHIDAE,Holohalaelurus,punctatus,Holohalaelurus punctatus,Endangered,2020,Decreasing,,,
161574,CARCHARHINIFORMES,PENTANCHIDAE,Holohalaelurus,regani,Holohalaelurus regani,Least Concern,2020,Increasing,,,
161509,CARCHARHINIFORMES,PENTANCHIDAE,Parmaturus,albimarginatus,Parmaturus albimarginatus,Least Concern,2018,Unknown,,,
161726,CARCHARHINIFORMES,PENTANCHIDAE,Parmaturus,albipenis,Parmaturus albipenis,Least Concern,2018,Unknown,,,
152501278,CARCHARHINIFORMES,PENTANCHIDAE,Parmaturus,angelae,Parmaturus angelae,Vulnerable,2020,Decreasing,,,
42718,CARCHARHINIFORMES,PENTANCHIDAE,Parmaturus,bigus,Parmaturus bigus,Data Deficient,2016,Unknown,,,
60230,CARCHARHINIFORMES,PENTANCHIDAE,Parmaturus,campechiensis,Parmaturus campechiensis,Least Concern,2020,Stable,,,
161450,CARCHARHINIFORMES,PENTANCHIDAE,Parmaturus,lanatus,Parmaturus lanatus,Least Concern,2020,Stable,,,
41845,CARCHARHINIFORMES,PENTANCHIDAE,Parmaturus,macmillani,Parmaturus macmillani,Data Deficient,2018,Unknown,,,
161497,CARCHARHINIFORMES,PENTANCHIDAE,Parmaturus,melanobranchus,Parmaturus melanobranchus,Least Concern,2020,Stable,,,
162215361,CARCHARHINIFORMES,PENTANCHIDAE,Parmaturus,nigripalatum,Parmaturus nigripalatum,Data Deficient,2020,Unknown,,,
161581,CARCHARHINIFORMES,PENTANCHIDAE,Parmaturus,pilosus,Parmaturus pilosus,Least Concern,2021,Stable,,,
60231,CARCHARHINIFORMES,PENTANCHIDAE,Parmaturus,xaniurus,Parmaturus xaniurus,Least Concern,2015,Unknown,,,
161437,CARCHARHINIFORMES,PENTANCHIDAE,Pentanchus,profundicolus,Pentanchus profundicolus,Least Concern,2020,Stable,,,
171729462,PRISTIOPHORIFORMES,PRISTIOPHORIDAE,Pliotrema,annae,Pliotrema annae,Data Deficient,2020,Unknown,,,
171729431,PRISTIOPHORIFORMES,PRISTIOPHORIDAE,Pliotrema,kajae,Pliotrema kajae,Data Deficient,2020,Unknown,,,
171728748,PRISTIOPHORIFORMES,PRISTIOPHORIDAE,Pliotrema,warreni,Pliotrema warreni,Least Concern,2020,Stable,,,
39327,PRISTIOPHORIFORMES,PRISTIOPHORIDAE,Pristiophorus,cirratus,Pristiophorus cirratus,Least Concern,2021,Stable,,,
42720,PRISTIOPHORIFORMES,PRISTIOPHORIDAE,Pristiophorus,delicatus,Pristiophorus delicatus,Least Concern,2015,Unknown,,,
161634,PRISTIOPHORIFORMES,PRISTIOPHORIDAE,Pristiophorus,japonicus,Pristiophorus japonicus,Least Concern,2021,Stable,,,
162209834,PRISTIOPHORIFORMES,PRISTIOPHORIDAE,Pristiophorus,lanae,Pristiophorus lanae,Near Threatened,2020,Decreasing,,,
103054942,PRISTIOPHORIFORMES,PRISTIOPHORIDAE,Pristiophorus,nancyae,Pristiophorus nancyae,Least Concern,2019,Stable,,,
41846,PRISTIOPHORIFORMES,PRISTIOPHORIDAE,Pristiophorus,nudipinnis,Pristiophorus nudipinnis,Least Concern,2016,Stable,,,
60226,PRISTIOPHORIFORMES,PRISTIOPHORIDAE,Pristiophorus,schroederi,Pristiophorus schroederi,Least Concern,2020,Unknown,,,
161499,CARCHARHINIFORMES,PROSCYLLIIDAE,Ctenacis,fehlmanni,Ctenacis fehlmanni,Least Concern,2017,Unknown,,,
161330,CARCHARHINIFORMES,PROSCYLLIIDAE,Eridacnis,barbouri,Eridacnis barbouri,Least Concern,2020,Stable,,,
161468,CARCHARHINIFORMES,PROSCYLLIIDAE,Eridacnis,radcliffei,Eridacnis radcliffei,Least Concern,2019,Decreasing,,,
44611,CARCHARHINIFORMES,PROSCYLLIIDAE,Eridacnis,sinuans,Eridacnis sinuans,Least Concern,2019,Stable,,,
161733,CARCHARHINIFORMES,PROSCYLLIIDAE,Proscyllium,habereri,Proscyllium habereri,Vulnerable,2020,Decreasing,,,
176485629,CARCHARHINIFORMES,PROSCYLLIIDAE,Proscyllium,magnificum,Proscyllium magnificum,Near Threatened,2021,Decreasing,,,
39337,LAMNIFORMES,PSEUDOCARCHARIIDAE,Pseudocarcharias,kamoharai,Pseudocarcharias kamoharai,Least Concern,2019,Increasing,,,
41814,CARCHARHINIFORMES,PSEUDOTRIAKIDAE,Gollum,attenuatus,Gollum attenuatus,Least Concern,2018,Unknown,,,
162215695,CARCHARHINIFORMES,PSEUDOTRIAKIDAE,Gollum,suluensis,Gollum suluensis,Least Concern,2020,Stable,,,
162215720,CARCHARHINIFORMES,PSEUDOTRIAKIDAE,Planonasus,indicus,Planonasus indicus,Data Deficient,2020,Unknown,,,
103055306,CARCHARHINIFORMES,PSEUDOTRIAKIDAE,Planonasus,parini,Planonasus parini,Least Concern,2017,Unknown,,,
44566,CARCHARHINIFORMES,PSEUDOTRIAKIDAE,Pseudotriakis,microdon,Pseudotriakis microdon,Least Concern,2015,Unknown,,,
19488,ORECTOLOBIFORMES,RHINCODONTIDAE,Rhincodon,typus,Rhincodon typus,Endangered,2016,Decreasing,x,,x
60139,CHIMAERIFORMES,RHINOCHIMAERIDAE,Harriotta,haeckeli,Harriotta haeckeli,Least Concern,2015,Unknown,,,
60140,CHIMAERIFORMES,RHINOCHIMAERIDAE,Harriotta,raleighana,Harriotta raleighana,Least Concern,2016,Stable,,,
60141,CHIMAERIFORMES,RHINOCHIMAERIDAE,Neoharriotta,carri,Neoharriotta carri,Near Threatened,2020,Decreasing,,,
60142,CHIMAERIFORMES,RHINOCHIMAERIDAE,Neoharriotta,pinnata,Neoharriotta pinnata,Near Threatened,2020,Decreasing,,,
60143,CHIMAERIFORMES,RHINOCHIMAERIDAE,Neoharriotta,pumila,Neoharriotta pumila,Least Concern,2017,Unknown,,,
60144,CHIMAERIFORMES,RHINOCHIMAERIDAE,Rhinochimaera,africana,Rhinochimaera africana,Data Deficient,2016,Unknown,,,
60145,CHIMAERIFORMES,RHINOCHIMAERIDAE,Rhinochimaera,atlantica,Rhinochimaera atlantica,Least Concern,2020,Stable,,,
60146,CHIMAERIFORMES,RHINOCHIMAERIDAE,Rhinochimaera,pacifica,Rhinochimaera pacifica,Least Concern,2015,Unknown,,,
169836996,CARCHARHINIFORMES,SCYLIORHINIDAE,Akheilos,suwartanai,Akheilos suwartanai,Data Deficient,2020,Unknown,,,
161736,CARCHARHINIFORMES,SCYLIORHINIDAE,Atelomycterus,baliensis,Atelomycterus baliensis,Least Concern,2021,Unknown,,,
176485916,CARCHARHINIFORMES,SCYLIORHINIDAE,Atelomycterus,erdmanni,Atelomycterus erdmanni,Least Concern,2021,Stable,,,
41728,CARCHARHINIFORMES,SCYLIORHINIDAE,Atelomycterus,fasciatus,Atelomycterus fasciatus,Least Concern,2015,Unknown,,,
41729,CARCHARHINIFORMES,SCYLIORHINIDAE,Atelomycterus,macleayi,Atelomycterus macleayi,Least Concern,2015,Unknown,,,
41730,CARCHARHINIFORMES,SCYLIORHINIDAE,Atelomycterus,marmoratus,Atelomycterus marmoratus,Near Threatened,2021,Decreasing,,,
161434,CARCHARHINIFORMES,SCYLIORHINIDAE,Atelomycterus,marnkalha,Atelomycterus marnkalha,Data Deficient,2015,Unknown,,,
41870,CARCHARHINIFORMES,SCYLIORHINIDAE,Aulohalaelurus,kanakorum,Aulohalaelurus kanakorum,Data Deficient,2018,Unknown,,,
41731,CARCHARHINIFORMES,SCYLIORHINIDAE,Aulohalaelurus,labiosus,Aulohalaelurus labiosus,Least Concern,2015,Unknown,,,
42706,CARCHARHINIFORMES,SCYLIORHINIDAE,Cephaloscyllium,albipinnum,Cephaloscyllium albipinnum,Critically Endangered,2019,Decreasing,,,
174145,CARCHARHINIFORMES,SCYLIORHINIDAE,Cephaloscyllium,cooki,Cephaloscyllium cooki,Data Deficient,2015,Unknown,,,
162207827,CARCHARHINIFORMES,SCYLIORHINIDAE,Cephaloscyllium,fasciatum,Cephaloscyllium fasciatum,Critically Endangered,2020,Decreasing,,,
169232559,CARCHARHINIFORMES,SCYLIORHINIDAE,Cephaloscyllium,formosanum,Cephaloscyllium formosanum,Least Concern,2021,Stable,,,
195422,CARCHARHINIFORMES,SCYLIORHINIDAE,Cephaloscyllium,hiscosellum,Cephaloscyllium hiscosellum,Least Concern,2015,Unknown,,,
41752,CARCHARHINIFORMES,SCYLIORHINIDAE,Cephaloscyllium,isabellum,Cephaloscyllium isabellum,Least Concern,2018,Stable,,,
41753,CARCHARHINIFORMES,SCYLIORHINIDAE,Cephaloscyllium,laticeps,Cephaloscyllium laticeps,Least Concern,2016,Stable,,,
162215534,CARCHARHINIFORMES,SCYLIORHINIDAE,Cephaloscyllium,pictum,Cephaloscyllium pictum,Data Deficient,2020,Unknown,,,
161380,CARCHARHINIFORMES,SCYLIORHINIDAE,Cephaloscyllium,sarawakensis,Cephaloscyllium sarawakensis,Critically Endangered,2021,Decreasing,,,
181361,CARCHARHINIFORMES,SCYLIORHINIDAE,Cephaloscyllium,signourum,Cephaloscyllium signourum,Data Deficient,2016,Unknown,,,
161591,CARCHARHINIFORMES,SCYLIORHINIDAE,Cephaloscyllium,silasi,Cephaloscyllium silasi,Critically Endangered,2020,Decreasing,,,
42710,CARCHARHINIFORMES,SCYLIORHINIDAE,Cephaloscyllium,speccum,Cephaloscyllium speccum,Data Deficient,2016,Unknown,,,
162215596,CARCHARHINIFORMES,SCYLIORHINIDAE,Cephaloscyllium,stevensi,Cephaloscyllium stevensi,Least Concern,2020,Stable,,,
44606,CARCHARHINIFORMES,SCYLIORHINIDAE,Cephaloscyllium,sufflans,Cephaloscyllium sufflans,Near Threatened,2020,Decreasing,,,
169232956,CARCHARHINIFORMES,SCYLIORHINIDAE,Cephaloscyllium,umbratile,Cephaloscyllium umbratile,Near Threatened,2021,Decreasing,,,
42707,CARCHARHINIFORMES,SCYLIORHINIDAE,Cephaloscyllium,variegatum,Cephaloscyllium variegatum,Near Threatened,2019,Decreasing,,,
60227,CARCHARHINIFORMES,SCYLIORHINIDAE,Cephaloscyllium,ventriosum,Cephaloscyllium ventriosum,Least Concern,2015,Unknown,,,
42709,CARCHARHINIFORMES,SCYLIORHINIDAE,Cephaloscyllium,zebrum,Cephaloscyllium zebrum,Data Deficient,2016,Unknown,,,
39348,CARCHARHINIFORMES,SCYLIORHINIDAE,Poroderma,africanum,Poroderma africanum,Least Concern,2020,Increasing,,,
161515,CARCHARHINIFORMES,SCYLIORHINIDAE,Poroderma,pantherinum,Poroderma pantherinum,Least Concern,2020,Increasing,,,
39347,CARCHARHINIFORMES,SCYLIORHINIDAE,Schroederichthys,bivius,Schroederichthys bivius,Least Concern,2020,Stable,,,
44585,CARCHARHINIFORMES,SCYLIORHINIDAE,Schroederichthys,chilensis,Schroederichthys chilensis,Least Concern,2020,Unknown,,,
161544,CARCHARHINIFORMES,SCYLIORHINIDAE,Schroederichthys,maculatus,Schroederichthys maculatus,Least Concern,2020,Stable,,,
44586,CARCHARHINIFORMES,SCYLIORHINIDAE,Schroederichthys,saurisqualus,Schroederichthys saurisqualus,Vulnerable,2020,Decreasing,,,
44587,CARCHARHINIFORMES,SCYLIORHINIDAE,Schroederichthys,tenuis,Schroederichthys tenuis,Least Concern,2020,Decreasing,,,
161336,CARCHARHINIFORMES,SCYLIORHINIDAE,Scyliorhinus,boa,Scyliorhinus boa,Least Concern,2020,Stable,,,
129495825,CARCHARHINIFORMES,SCYLIORHINIDAE,Scyliorhinus,cabofriensis,Scyliorhinus cabofriensis,Least Concern,2020,Stable,,,
161307554,CARCHARHINIFORMES,SCYLIORHINIDAE,Scyliorhinus,canicula,Scyliorhinus canicula,Least Concern,2021,Stable,,,
39349,CARCHARHINIFORMES,SCYLIORHINIDAE,Scyliorhinus,capensis,Scyliorhinus capensis,Near Threatened,2020,Decreasing,,,
60234,CARCHARHINIFORMES,SCYLIORHINIDAE,Scyliorhinus,cervigoni,Scyliorhinus cervigoni,Data Deficient,2021,Unknown,,,
161429,CARCHARHINIFORMES,SCYLIORHINIDAE,Scyliorhinus,comoroensis,Scyliorhinus comoroensis,Data Deficient,2019,Unknown,,,
161458,CARCHARHINIFORMES,SCYLIORHINIDAE,Scyliorhinus,garmani,Scyliorhinus garmani,Data Deficient,2020,Unknown,,,
130394197,CARCHARHINIFORMES,SCYLIORHINIDAE,Scyliorhinus,haeckelii,Scyliorhinus haeckelii,Data Deficient,2020,Unknown,,,
44590,CARCHARHINIFORMES,SCYLIORHINIDAE,Scyliorhinus,hesperius,Scyliorhinus hesperius,Least Concern,2020,Stable,,,
60232,CARCHARHINIFORMES,SCYLIORHINIDAE,Scyliorhinus,meadi,Scyliorhinus meadi,Least Concern,2020,Stable,,,
60233,CARCHARHINIFORMES,SCYLIORHINIDAE,Scyliorhinus,retifer,Scyliorhinus retifer,Least Concern,2020,Stable,,,
161484,CARCHARHINIFORMES,SCYLIORHINIDAE,Scyliorhinus,stellaris,Scyliorhinus stellaris,Vulnerable,2021,Decreasing,,,
161308360,CARCHARHINIFORMES,SCYLIORHINIDAE,Scyliorhinus,torazame,Scyliorhinus torazame,Least Concern,2020,Stable,,,
161449,CARCHARHINIFORMES,SCYLIORHINIDAE,Scyliorhinus,torrei,Scyliorhinus torrei,Least Concern,2020,Stable,,,
129495856,CARCHARHINIFORMES,SCYLIORHINIDAE,Scyliorhinus,ugoi,Scyliorhinus ugoi,Least Concern,2020,Stable,,,
41747,SQUALIFORMES,SOMNIOSIDAE,Centroscymnus,coelolepis,Centroscymnus coelolepis,Near Threatened,2021,Decreasing,,,
116858686,SQUALIFORMES,SOMNIOSIDAE,Centroscymnus,macracanthus,Centroscymnus macracanthus,Data Deficient,2018,Unknown,,,
41749,SQUALIFORMES,SOMNIOSIDAE,Centroscymnus,owstonii,Centroscymnus owstonii,Vulnerable,2018,Unknown,,,
46864,SQUALIFORMES,SOMNIOSIDAE,Centroselachus,crepidater,Centroselachus crepidater,Near Threatened,2020,Decreasing,,,
41855,SQUALIFORMES,SOMNIOSIDAE,Scymnodalatias,albicauda,Scymnodalatias albicauda,Data Deficient,2018,Unknown,,,
161583,SQUALIFORMES,SOMNIOSIDAE,Scymnodalatias,garricki,Scymnodalatias garricki,Data Deficient,2021,Unknown,,,
44570,SQUALIFORMES,SOMNIOSIDAE,Scymnodalatias,oligodon,Scymnodalatias oligodon,Least Concern,2020,Stable,,,
41856,SQUALIFORMES,SOMNIOSIDAE,Scymnodalatias,sherwoodi,Scymnodalatias sherwoodi,Data Deficient,2018,Unknown,,,
161363,SQUALIFORMES,SOMNIOSIDAE,Scymnodon,ichiharai,Scymnodon ichiharai,Vulnerable,2021,Decreasing,,,
46865,SQUALIFORMES,SOMNIOSIDAE,Scymnodon,plunketi,Scymnodon plunketi,Vulnerable,2018,Decreasing,,,
161717,SQUALIFORMES,SOMNIOSIDAE,Scymnodon,ringens,Scymnodon ringens,Vulnerable,2020,Decreasing,,,
41857,SQUALIFORMES,SOMNIOSIDAE,Somniosus,antarcticus,Somniosus antarcticus,Least Concern,2018,Unknown,,,
161552,SQUALIFORMES,SOMNIOSIDAE,Somniosus,longus,Somniosus longus,Data Deficient,2018,Unknown,,,
60213,SQUALIFORMES,SOMNIOSIDAE,Somniosus,microcephalus,Somniosus microcephalus,Vulnerable,2020,Decreasing,,,
161403,SQUALIFORMES,SOMNIOSIDAE,Somniosus,pacificus,Somniosus pacificus,Near Threatened,2021,Decreasing,,,
161432,SQUALIFORMES,SOMNIOSIDAE,Somniosus,rostratus,Somniosus rostratus,Least Concern,2020,Stable,,,
60215,SQUALIFORMES,SOMNIOSIDAE,Zameus,squamulosus,Zameus squamulosus,Least Concern,2020,Stable,,,
41810,CARCHARHINIFORMES,SPHYRNIDAE,Eusphyra,blochii,Eusphyra blochii,Endangered,2016,Decreasing,,x,x
44591,CARCHARHINIFORMES,SPHYRNIDAE,Sphyrna,corona,Sphyrna corona,Critically Endangered,2020,Decreasing,,x,x
152783714,CARCHARHINIFORMES,SPHYRNIDAE,Sphyrna,gilberti,Sphyrna gilberti,Data Deficient,2020,Unknown,,x,x
39385,CARCHARHINIFORMES,SPHYRNIDAE,Sphyrna,lewini,Sphyrna lewini,Critically Endangered,2019,Decreasing,x,,x
60201,CARCHARHINIFORMES,SPHYRNIDAE,Sphyrna,media,Sphyrna media,Critically Endangered,2020,Decreasing,,x,x
39386,CARCHARHINIFORMES,SPHYRNIDAE,Sphyrna,mokarran,Sphyrna mokarran,Critically Endangered,2019,Decreasing,x,,x
39387,CARCHARHINIFORMES,SPHYRNIDAE,Sphyrna,tiburo,Sphyrna tiburo,Endangered,2021,Decreasing,,x,x
60202,CARCHARHINIFORMES,SPHYRNIDAE,Sphyrna,tudes,Sphyrna tudes,Critically Endangered,2020,,,x,x
39388,CARCHARHINIFORMES,SPHYRNIDAE,Sphyrna,zygaena,Sphyrna zygaena,Vulnerable,2019,Decreasing,x,,x
60209,SQUALIFORMES,SQUALIDAE,Cirrhigaleus,asper,Cirrhigaleus asper,Data Deficient,2020,Unknown,,,
161321,SQUALIFORMES,SQUALIDAE,Cirrhigaleus,australis,Cirrhigaleus australis,Data Deficient,2016,Unknown,,,
41795,SQUALIFORMES,SQUALIDAE,Cirrhigaleus,barbifer,Cirrhigaleus barbifer,Least Concern,2020,Stable,,,
91209505,SQUALIFORMES,SQUALIDAE,Squalus,acanthias,Squalus acanthias,Vulnerable,2020,Decreasing,,,
124488765,SQUALIFORMES,SQUALIDAE,Squalus,acutipinnis,Squalus acutipinnis,Near Threatened,2020,Decreasing,,,
129495269,SQUALIFORMES,SQUALIDAE,Squalus,albicaudus,Squalus albicaudus,Data Deficient,2020,Unknown,,,
42723,SQUALIFORMES,SQUALIDAE,Squalus,albifrons,Squalus albifrons,Least Concern,2019,Unknown,,,
158616,SQUALIFORMES,SQUALIDAE,Squalus,altipinnis,Squalus altipinnis,Data Deficient,2019,Unknown,,,
129495390,SQUALIFORMES,SQUALIDAE,Squalus,bahiensis,Squalus bahiensis,Data Deficient,2020,Unknown,,,
124356938,SQUALIFORMES,SQUALIDAE,Squalus,bassi,Squalus bassi,Least Concern,2020,Stable,,,
169229923,SQUALIFORMES,SQUALIDAE,Squalus,blainville,Squalus blainville,Data Deficient,2021,Unknown,,,
197258574,SQUALIFORMES,SQUALIDAE,Squalus,boretzi,Squalus boretzi,Near Threatened,2021,Decreasing,,,
161438,SQUALIFORMES,SQUALIDAE,Squalus,brevirostris,Squalus brevirostris,Endangered,2021,Decreasing,,,
161703,SQUALIFORMES,SQUALIDAE,Squalus,bucephalus,Squalus bucephalus,Data Deficient,2018,Unknown,,,
161360,SQUALIFORMES,SQUALIDAE,Squalus,chloroculus,Squalus chloroculus,Endangered,2019,Decreasing,,,
152781911,SQUALIFORMES,SQUALIDAE,Squalus,clarkae,Squalus clarkae,Least Concern,2021,Decreasing,,,
42725,SQUALIFORMES,SQUALIDAE,Squalus,crassispinus,Squalus crassispinus,Least Concern,2019,Unknown,,,
61416,SQUALIFORMES,SQUALIDAE,Squalus,cubensis,Squalus cubensis,Least Concern,2020,Increasing,,,
158617,SQUALIFORMES,SQUALIDAE,Squalus,edmundsi,Squalus edmundsi,Near Threatened,2019,Decreasing,,,
169229426,SQUALIFORMES,SQUALIDAE,Squalus,formosus,Squalus formosus,Endangered,2020,Decreasing,,,
42727,SQUALIFORMES,SQUALIDAE,Squalus,grahami,Squalus grahami,Near Threatened,2019,Decreasing,,,
195487,SQUALIFORMES,SQUALIDAE,Squalus,griffini,Squalus griffini,Least Concern,2018,Stable,,,
162154636,SQUALIFORMES,SQUALIDAE,Squalus,hawaiiensis,Squalus hawaiiensis,Least Concern,2020,Stable,,,
161410,SQUALIFORMES,SQUALIDAE,Squalus,hemipinnis,Squalus hemipinnis,Vulnerable,2020,Decreasing,,,
161433,SQUALIFORMES,SQUALIDAE,Squalus,japonicus,Squalus japonicus,Endangered,2020,Decreasing,,,
161668,SQUALIFORMES,SQUALIDAE,Squalus,lalannei,Squalus lalannei,Least Concern,2019,Stable,,,
129495487,SQUALIFORMES,SQUALIDAE,Squalus,lobularis,Squalus lobularis,Data Deficient,2020,Unknown,,,
124357052,SQUALIFORMES,SQUALIDAE,Squalus,mahia,Squalus mahia,Data Deficient,2020,Unknown,,,
124357112,SQUALIFORMES,SQUALIDAE,Squalus,margaretsmithae,Squalus margaretsmithae,Least Concern,2020,Stable,,,
124553086,SQUALIFORMES,SQUALIDAE,Squalus,megalops,Squalus megalops,Least Concern,2020,Increasing,,,
41860,SQUALIFORMES,SQUALIDAE,Squalus,melanurus,Squalus melanurus,Data Deficient,2018,Unknown,,,
152781967,SQUALIFORMES,SQUALIDAE,Squalus,mitsukurii,Squalus mitsukurii,Endangered,2020,Decreasing,,,
161404,SQUALIFORMES,SQUALIDAE,Squalus,montalbani,Squalus montalbani,Vulnerable,2019,Decreasing,,,
42726,SQUALIFORMES,SQUALIDAE,Squalus,nasutus,Squalus nasutus,Near Threatened,2019,Decreasing,,,
42722,SQUALIFORMES,SQUALIDAE,Squalus,notocaudatus,Squalus notocaudatus,Least Concern,2019,Unknown,,,
129495645,SQUALIFORMES,SQUALIDAE,Squalus,quasimodo,Squalus quasimodo,Data Deficient,2020,Unknown,,,
41861,SQUALIFORMES,SQUALIDAE,Squalus,rancureli,Squalus rancureli,Near Threatened,2018,Unknown,,,
161469,SQUALIFORMES,SQUALIDAE,Squalus,raoulensis,Squalus raoulensis,Least Concern,2018,Unknown,,,
195488,SQUALIFORMES,SQUALIDAE,Squalus,suckleyi,Squalus suckleyi,Least Concern,2016,Stable,,,
61417,SQUATINIFORMES,SQUATINIDAE,Squatina,aculeata,Squatina aculeata,Critically Endangered,2019,Decreasing,,,
44996,SQUATINIFORMES,SQUATINIDAE,Squatina,africana,Squatina africana,Near Threatened,2019,Decreasing,,,
42729,SQUATINIFORMES,SQUATINIDAE,Squatina,albipunctata,Squatina albipunctata,Vulnerable,2016,Decreasing,,,
39329,SQUATINIFORMES,SQUATINIDAE,Squatina,argentina,Squatina argentina,Critically Endangered,2019,Decreasing,,,
44571,SQUATINIFORMES,SQUATINIDAE,Squatina,armata,Squatina armata,Critically Endangered,2020,Decreasing,,,
41862,SQUATINIFORMES,SQUATINIDAE,Squatina,australis,Squatina australis,Least Concern,2016,Stable,,,
116880225,SQUATINIFORMES,SQUATINIDAE,Squatina,caillieti,Squatina caillieti,Data Deficient,2019,Unknown,,,
39328,SQUATINIFORMES,SQUATINIDAE,Squatina,californica,Squatina californica,Near Threatened,2020,Decreasing,,,
116880357,SQUATINIFORMES,SQUATINIDAE,Squatina,david,Squatina david,Near Threatened,2019,Decreasing,,,
197087,SQUATINIFORMES,SQUATINIDAE,Squatina,dumeril,Squatina dumeril,Least Concern,2019,Increasing,,,
161456,SQUATINIFORMES,SQUATINIDAE,Squatina,formosa,Squatina formosa,Endangered,2020,Decreasing,,,
130393378,SQUATINIFORMES,SQUATINIDAE,Squatina,guggenheim,Squatina guggenheim,Endangered,2019,Decreasing,,,
161558,SQUATINIFORMES,SQUATINIDAE,Squatina,japonica,Squatina japonica,Critically Endangered,2021,Decreasing,,,
161638,SQUATINIFORMES,SQUATINIDAE,Squatina,legnota,Squatina legnota,Critically Endangered,2020,Decreasing,,,
161325,SQUATINIFORMES,SQUATINIDAE,Squatina,nebulosa,Squatina nebulosa,Endangered,2021,Decreasing,,,
39331,SQUATINIFORMES,SQUATINIDAE,Squatina,occulta,Squatina occulta,Critically Endangered,2019,Decreasing,,,
61418,SQUATINIFORMES,SQUATINIDAE,Squatina,oculata,Squatina oculata,Critically Endangered,2019,Decreasing,,,
42728,SQUATINIFORMES,SQUATINIDAE,Squatina,pseudocellata,Squatina pseudocellata,Least Concern,2016,Unknown,,,
39332,SQUATINIFORMES,SQUATINIDAE,Squatina,squatina,Squatina squatina,Critically Endangered,2019,Decreasing,,,
41863,SQUATINIFORMES,SQUATINIDAE,Squatina,tergocellata,Squatina tergocellata,Least Concern,2016,Stable,,,
161525,SQUATINIFORMES,SQUATINIDAE,Squatina,tergocellatoides,Squatina tergocellatoides,Endangered,2020,Decreasing,,,
130389813,SQUATINIFORMES,SQUATINIDAE,Squatina,varii,Squatina varii,Least Concern,2019,Stable,,,
41878,ORECTOLOBIFORMES,STEGOSTOMIDAE,Stegostoma,tigrinum,Stegostoma tigrinum,Endangered,2019,Decreasing,,,
39351,CARCHARHINIFORMES,TRIAKIDAE,Furgaleus,macki,Furgaleus macki,Least Concern,2016,Increasing,,,
39352,CARCHARHINIFORMES,TRIAKIDAE,Galeorhinus,galeus,Galeorhinus galeus,Critically Endangered,2020,,,,
41813,CARCHARHINIFORMES,TRIAKIDAE,Gogolia,filewoodi,Gogolia filewoodi,Data Deficient,2020,Unknown,,,
41821,CARCHARHINIFORMES,TRIAKIDAE,Hemitriakis,abdita,Hemitriakis abdita,Data Deficient,2021,Unknown,,,
161368,CARCHARHINIFORMES,TRIAKIDAE,Hemitriakis,complicofasciata,Hemitriakis complicofasciata,Vulnerable,2020,Decreasing,,,
41822,CARCHARHINIFORMES,TRIAKIDAE,Hemitriakis,falcata,Hemitriakis falcata,Least Concern,2016,Unknown,,,
176486023,CARCHARHINIFORMES,TRIAKIDAE,Hemitriakis,indroyonoi,Hemitriakis indroyonoi,Endangered,2021,Decreasing,,,
161507,CARCHARHINIFORMES,TRIAKIDAE,Hemitriakis,japanica,Hemitriakis japanica,Endangered,2021,Decreasing,,,
39353,CARCHARHINIFORMES,TRIAKIDAE,Hemitriakis,leucoperiptera,Hemitriakis leucoperiptera,Critically Endangered,2021,Decreasing,,,
39354,CARCHARHINIFORMES,TRIAKIDAE,Hypogaleus,hyugaensis,Hypogaleus hyugaensis,Least Concern,2016,Stable,,,
41829,CARCHARHINIFORMES,TRIAKIDAE,Iago,garricki,Iago garricki,Least Concern,2016,Unknown,,,
161501,CARCHARHINIFORMES,TRIAKIDAE,Iago,omanensis,Iago omanensis,Least Concern,2021,Stable,,,
161451,CARCHARHINIFORMES,TRIAKIDAE,Mustelus,albipinnis,Mustelus albipinnis,Least Concern,2020,Stable,,,
39355,CARCHARHINIFORMES,TRIAKIDAE,Mustelus,antarcticus,Mustelus antarcticus,Least Concern,2016,Stable,,,
39357,CARCHARHINIFORMES,TRIAKIDAE,Mustelus,asterias,Mustelus asterias,Near Threatened,2021,Decreasing,,,
161334,CARCHARHINIFORMES,TRIAKIDAE,Mustelus,californicus,Mustelus californicus,Least Concern,2015,Unknown,,,
39359,CARCHARHINIFORMES,TRIAKIDAE,Mustelus,canis,Mustelus canis,Near Threatened,2021,Decreasing,,,
44580,CARCHARHINIFORMES,TRIAKIDAE,Mustelus,dorsalis,Mustelus dorsalis,Vulnerable,2020,Decreasing,,,
44581,CARCHARHINIFORMES,TRIAKIDAE,Mustelus,fasciatus,Mustelus fasciatus,Critically Endangered,2020,Decreasing,,,
161715,CARCHARHINIFORMES,TRIAKIDAE,Mustelus,griseus,Mustelus griseus,Endangered,2020,Decreasing,,,
161648,CARCHARHINIFORMES,TRIAKIDAE,Mustelus,henlei,Mustelus henlei,Least Concern,2016,Unknown,,,
60204,CARCHARHINIFORMES,TRIAKIDAE,Mustelus,higmani,Mustelus higmani,Endangered,2020,Decreasing,,,
39356,CARCHARHINIFORMES,TRIAKIDAE,Mustelus,lenticulatus,Mustelus lenticulatus,Least Concern,2018,Stable,,,
161640,CARCHARHINIFORMES,TRIAKIDAE,Mustelus,lunulatus,Mustelus lunulatus,Least Concern,2016,Unknown,,,
161633,CARCHARHINIFORMES,TRIAKIDAE,Mustelus,manazo,Mustelus manazo,Endangered,2020,Decreasing,,,
63128,CARCHARHINIFORMES,TRIAKIDAE,Mustelus,mento,Mustelus mento,Critically Endangered,2021,Decreasing,,,
60205,CARCHARHINIFORMES,TRIAKIDAE,Mustelus,minicanis,Mustelus minicanis,Endangered,2020,Decreasing,,,
161480,CARCHARHINIFORMES,TRIAKIDAE,Mustelus,mosis,Mustelus mosis,Near Threatened,2019,Decreasing,,,
39358,CARCHARHINIFORMES,TRIAKIDAE,Mustelus,mustelus,Mustelus mustelus,Endangered,2021,Decreasing,,,
161518,CARCHARHINIFORMES,TRIAKIDAE,Mustelus,norrisi,Mustelus norrisi,Near Threatened,2021,,,,
60247,CARCHARHINIFORMES,TRIAKIDAE,Mustelus,palumbes,Mustelus palumbes,Least Concern,2020,Stable,,,
161485,CARCHARHINIFORMES,TRIAKIDAE,Mustelus,punctulatus,Mustelus punctulatus,Vulnerable,2021,Decreasing,,,
63165,CARCHARHINIFORMES,TRIAKIDAE,Mustelus,ravidus,Mustelus ravidus,Least Concern,2019,Stable,,,
60203,CARCHARHINIFORMES,TRIAKIDAE,Mustelus,schmitti,Mustelus schmitti,Critically Endangered,2020,Decreasing,,,
60206,CARCHARHINIFORMES,TRIAKIDAE,Mustelus,sinusmexicanus,Mustelus sinusmexicanus,Least Concern,2021,Increasing,,,
42716,CARCHARHINIFORMES,TRIAKIDAE,Mustelus,stevensi,Mustelus stevensi,Least Concern,2019,Stable,,,
195426,CARCHARHINIFORMES,TRIAKIDAE,Mustelus,walkeri,Mustelus walkeri,Data Deficient,2016,Unknown,,,
63129,CARCHARHINIFORMES,TRIAKIDAE,Mustelus,whitneyi,Mustelus whitneyi,Critically Endangered,2020,Decreasing,,,
161571,CARCHARHINIFORMES,TRIAKIDAE,Mustelus,widodoi,Mustelus widodoi,Vulnerable,2021,Decreasing,,,
39360,CARCHARHINIFORMES,TRIAKIDAE,Scylliogaleus,quecketti,Scylliogaleus quecketti,Vulnerable,2019,Decreasing,,,
39361,CARCHARHINIFORMES,TRIAKIDAE,Triakis,acutipinna,Triakis acutipinna,Endangered,2021,Decreasing,,,
63130,CARCHARHINIFORMES,TRIAKIDAE,Triakis,maculata,Triakis maculata,Critically Endangered,2020,Decreasing,,,
39362,CARCHARHINIFORMES,TRIAKIDAE,Triakis,megalopterus,Triakis megalopterus,Least Concern,2020,Stable,,,
161395,CARCHARHINIFORMES,TRIAKIDAE,Triakis,scyllium,Triakis scyllium,Endangered,2021,Decreasing,,,
39363,CARCHARHINIFORMES,TRIAKIDAE,Triakis,semifasciata,Triakis semifasciata,Least Concern,2015,Unknown,,,